model,split,pearson,spearman,mse,mae,top50_precision,top50_recall,timestamp
baseline,val,0.17170944547350125,0.014497744279080483,0.0007147549535895261,0.006288493020816035,0.5573333333333333,0.5573333333333333,2026-09-11T17:33:25.430250+00:00
baseline,test,0.2796788795968852,0.03892258844149309,0.0005990021686892286,0.005924528716787623,0.5423529411764706,0.5423529411764706,2026-09-11T17:33:25.438915+00:00
film_head,val,0.5404043796185309,0.1653726448540956,2.1020640270679554,0.14358449512574978,0.5546666666666666,0.5546666666666666,2026-09-22T02:18:13.496321+00:00
film_head,test,0.711215906225011,0.2643872517994767,2.500879040606774,0.14772014548571663,0.5376470588235295,0.5376470588235295,2026-09-22T02:18:13.509812+00:00
baseline,val,0.3634867597435607,0.1740892633432852,0.003084175335244599,0.02124542248661393,0.31466666666666665,0.31466666666666665,2026-09-22T19:40:03.396695+00:00
baseline,val,0.3634867597435607,0.1740892633432852,0.003084175335244599,0.02124542248661393,0.31466666666666665,0.31466666666666665,2026-09-22T19:40:03.396695+00:00
baseline,test,0.577817590926787,0.2708716476946284,0.0022425375423206512,0.018891067730751998,0.36117647058823527,0.36117647058823527,2026-09-22T19:40:03.408118+00:00
baseline,test,0.577817590926787,0.2708716476946284,0.0022425375423206512,0.018891067730751998,0.36117647058823527,0.36117647058823527,2026-09-22T19:40:03.408118+00:00
film_head,val,0.5404043796185309,0.1653726448540956,2.1020640270679554,0.14358449512574978,0.5546666666666666,0.5546666666666666,2026-09-22T19:41:07.946277+00:00
film_head,test,0.711215906225011,0.2643872517994767,2.500879040606774,0.14772014548571663,0.5376470588235295,0.5376470588235295,2026-09-22T19:41:07.959236+00:00
baseline,val,0.3634867597435607,0.1740892633432852,0.003084175335244599,0.02124542248661393,0.31466666666666665,0.31466666666666665,2026-09-23T15:20:42.916758+00:00
baseline,val,0.3634867597435607,0.1740892633432852,0.003084175335244599,0.02124542248661393,0.31466666666666665,0.31466666666666665,2026-09-23T15:20:42.916758+00:00
baseline,test,0.577817590926787,0.2708716476946284,0.0022425375423206512,0.018891067730751998,0.36117647058823527,0.36117647058823527,2026-09-23T15:20:42.928088+00:00
baseline,test,0.577817590926787,0.2708716476946284,0.0022425375423206512,0.018891067730751998,0.36117647058823527,0.36117647058823527,2026-09-23T15:20:42.928088+00:00
baseline,val,0.5158884681162361,0.10253343107841383,2.3677241755193914,0.16698673871761857,0.5306666666666667,0.5306666666666667,2026-09-23T15:47:23.294570+00:00
baseline,val,0.5158884681162361,0.10253343107841383,2.3677241755193914,0.16698673871761857,0.5306666666666667,0.5306666666666667,2026-09-23T15:47:23.294570+00:00
baseline,test,0.6868600635153942,0.15927301420591738,2.8116041012532835,0.1777065335672231,0.5058823529411764,0.5058823529411764,2026-09-23T15:47:23.305628+00:00
baseline,test,0.6868600635153942,0.15927301420591738,2.8116041012532835,0.1777065335672231,0.5058823529411764,0.5058823529411764,2026-09-23T15:47:23.305628+00:00
baseline,val,0.5239947582098361,0.09617180868513309,2.0134854012665664,0.18829653463667798,0.5413333333333334,0.5413333333333334,2026-09-23T18:03:10.630072+00:00
baseline,val,0.5239947582098361,0.09617180868513309,2.0134854012665664,0.18829653463667798,0.5413333333333334,0.5413333333333334,2026-09-23T18:03:10.630072+00:00
baseline,test,0.7045703677440636,0.1478842621710149,2.2832109114422927,0.1915585911405059,0.5176470588235295,0.5176470588235295,2026-09-23T18:03:10.642401+00:00
baseline,test,0.7045703677440636,0.1478842621710149,2.2832109114422927,0.1915585911405059,0.5176470588235295,0.5176470588235295,2026-09-23T18:03:10.642401+00:00
film_head,val,0.16789986422916106,0.15174415848954448,2.8098982684332703,0.15594025327611485,0.16800000000000004,0.16800000000000004,2026-09-23T18:03:54.102705+00:00
film_head,test,0.2360220818231742,0.24835592513080448,3.3635776201124252,0.17025798885783625,0.16588235294117645,0.16588235294117645,2026-09-23T18:03:54.114482+00:00
film_head,val,0.35336902957086913,0.1253802328584395,2.6074505790721267,0.16597849671665735,0.5479999999999999,0.5479999999999999,2026-09-23T18:07:05.470010+00:00
film_head,test,0.49562922392043635,0.2083091153792304,3.0674840910475925,0.17614795468980282,0.5294117647058825,0.5294117647058825,2026-09-23T18:07:05.483051+00:00
film_head,val,0.35336902957086913,0.1253802328584395,2.6074505790721267,0.16597849671665735,0.5479999999999999,0.5479999999999999,2026-09-23T18:08:19.919245+00:00
film_head,test,0.49562922392043635,0.2083091153792304,3.0674840910475925,0.17614795468980282,0.5294117647058825,0.5294117647058825,2026-09-23T18:08:19.931569+00:00
baseline,val,0.5291319096222391,0.11402159158089636,2.3703263555050347,0.2734126682646812,0.39733333333333326,0.39733333333333326,2026-09-23T18:22:41.897526+00:00
baseline,val,0.5291319096222391,0.11402159158089636,2.3703263555050347,0.2734126682646812,0.39733333333333326,0.39733333333333326,2026-09-23T18:22:41.897526+00:00
baseline,test,0.6957160565955001,0.17758067225466534,2.796206572774695,0.28515420930772245,0.39176470588235296,0.39176470588235296,2026-09-23T18:22:41.909771+00:00
baseline,test,0.6957160565955001,0.17758067225466534,2.796206572774695,0.28515420930772245,0.39176470588235296,0.39176470588235296,2026-09-23T18:22:41.909771+00:00
film_head,val,0.3933372677061086,0.04117633568750237,2.9191388219621484,0.5720177825448891,0.39333333333333337,0.39333333333333337,2026-09-23T18:23:03.280779+00:00
film_head,test,0.509900417176112,0.057100032422678554,3.3686405280757508,0.5498557578582615,0.38588235294117645,0.38588235294117645,2026-09-23T18:23:03.294035+00:00
baseline,val,0.5361791444707543,0.16494105734483966,2.02377670206825,0.1630254805681469,0.5306666666666666,0.5306666666666666,2026-09-23T23:01:52.764574+00:00
baseline,val,0.5361791444707543,0.16494105734483966,2.02377670206825,0.1630254805681469,0.5306666666666666,0.5306666666666666,2026-09-23T23:01:52.764574+00:00
baseline,test,0.7243931433112852,0.26780415152223686,2.187081255371519,0.1543388214268313,0.5200000000000001,0.5200000000000001,2026-09-23T23:01:52.777159+00:00
baseline,test,0.7243931433112852,0.26780415152223686,2.187081255371519,0.1543388214268313,0.5200000000000001,0.5200000000000001,2026-09-23T23:01:52.777159+00:00
film_head,val,0.5191128389238157,0.17057582569048496,2.1556647135526297,0.15428553673375703,0.5466666666666666,0.5466666666666666,2026-09-23T23:02:32.911724+00:00
film_head,test,0.7055240771860023,0.27208164029974585,2.442520875531878,0.1509909124475432,0.5376470588235295,0.5376470588235295,2026-09-23T23:02:32.924625+00:00
film_head,val,0.5287095984218773,0.15412777961035493,2.061600122739452,0.1647255228863955,0.5493333333333335,0.5493333333333335,2026-09-23T23:32:38.385054+00:00
film_head,test,0.7170278542081833,0.2509106304350518,2.3005256170871005,0.15932090129219853,0.5282352941176471,0.5282352941176471,2026-09-23T23:32:38.398129+00:00
baseline,val,0.47220271341583625,0.1595967041519649,2.2733009673840465,0.15765202029059455,0.5573333333333333,0.5573333333333333,2026-09-23T23:37:18.950435+00:00
baseline,val,0.47220271341583625,0.1595967041519649,2.2733009673840465,0.15765202029059455,0.5573333333333333,0.5573333333333333,2026-09-23T23:37:18.950435+00:00
baseline,test,0.6530967520760809,0.2670714671344254,2.614017629809877,0.15369714370897933,0.5364705882352941,0.5364705882352941,2026-09-23T23:37:18.961194+00:00
baseline,test,0.6530967520760809,0.2670714671344254,2.614017629809877,0.15369714370897933,0.5364705882352941,0.5364705882352941,2026-09-23T23:37:18.961194+00:00
film_head,val,0.5287095984218773,0.15412777961035493,2.061600122739452,0.1647255228863955,0.5493333333333335,0.5493333333333335,2026-09-23T23:37:39.970276+00:00
film_head,test,0.7170278542081833,0.2509106304350518,2.3005256170871005,0.15932090129219853,0.5282352941176471,0.5282352941176471,2026-09-23T23:37:39.982102+00:00
baseline,val,0.4722026931836264,0.1595967041519649,2.273301030967022,0.15765202025016684,0.5573333333333333,0.5573333333333333,2026-09-25T15:30:19.102190+00:00
baseline,val,0.4722026931836264,0.1595967041519649,2.273301030967022,0.15765202025016684,0.5573333333333333,0.5573333333333333,2026-09-25T15:30:19.102190+00:00
baseline,test,0.6530967275189853,0.2670714671344254,2.614017713813848,0.15369714428473302,0.5364705882352941,0.5364705882352941,2026-09-25T15:30:19.112966+00:00
baseline,test,0.6530967275189853,0.2670714671344254,2.614017713813848,0.15369714428473302,0.5364705882352941,0.5364705882352941,2026-09-25T15:30:19.112966+00:00
baseline,val,0.5420506150422091,0.18537599136506044,11.945360446532048,0.6098057143843454,0.6213333333333335,0.6213333333333335,2026-09-25T19:16:27.963657+00:00
baseline,val,0.5420506150422091,0.18537599136506044,11.945360446532048,0.6098057143843454,0.6213333333333335,0.6213333333333335,2026-09-25T19:16:27.963657+00:00
baseline,test,0.7326113621071846,0.29928647480501464,12.625289594407278,0.5918001830867864,0.631764705882353,0.631764705882353,2026-09-25T19:16:27.968387+00:00
baseline,test,0.7326113621071846,0.29928647480501464,12.625289594407278,0.5918001830867864,0.631764705882353,0.631764705882353,2026-09-25T19:16:27.968387+00:00
film_head,val,0.5420815795694954,0.1512159025610362,12.837227087721283,0.6235146790425586,0.6093333333333335,0.6093333333333335,2026-09-25T19:16:45.418044+00:00
film_head,test,0.728680269212036,0.2549378967708908,14.13779100606164,0.6229793776618642,0.608235294117647,0.608235294117647,2026-09-25T19:16:45.423733+00:00
film_head,val,0.5497248415455043,0.22860874485485091,25.135984087561557,0.9340979626216596,0.7986666666666667,0.7986666666666667,2026-09-27T00:12:37.951157+00:00
film_head,test,0.7390909402123363,0.3505129239009592,25.614279163470496,0.9061480403878033,0.8011764705882353,0.8011764705882353,2026-09-27T00:12:38.233185+00:00
baseline,val,0.5419010657144967,0.188956672879023,23.58631329779894,0.9733348989828439,0.7560000000000001,0.7560000000000001,2026-09-30T09:23:01.197697+00:00
baseline,val,0.5419010657144967,0.188956672879023,23.58631329779894,0.9733348989828439,0.7560000000000001,0.7560000000000001,2026-09-30T09:23:01.197697+00:00
baseline,test,0.741106048582877,0.2942136435876778,25.005602521407344,0.9303025284129337,0.7611764705882353,0.7611764705882353,2026-09-30T09:23:01.201632+00:00
baseline,test,0.741106048582877,0.2942136435876778,25.005602521407344,0.9303025284129337,0.7611764705882353,0.7611764705882353,2026-09-30T09:23:01.201632+00:00
baseline,val,0.5419010657144967,0.188956672879023,23.58631329779894,0.9733348989828439,0.7560000000000001,0.7560000000000001,2026-09-30T19:42:47.982738+00:00
baseline,val,0.5419010657144967,0.188956672879023,23.58631329779894,0.9733348989828439,0.7560000000000001,0.7560000000000001,2026-09-30T19:42:47.982738+00:00
baseline,test,0.741106048582877,0.2942136435876778,25.005602521407344,0.9303025284129337,0.7611764705882353,0.7611764705882353,2026-09-30T19:42:47.986800+00:00
baseline,test,0.741106048582877,0.2942136435876778,25.005602521407344,0.9303025284129337,0.7611764705882353,0.7611764705882353,2026-09-30T19:42:47.986800+00:00
